season,log_loss,brier_score
2022,0.6844352977457406,0.23630399486429424
2023,0.6043972946305828,0.20422242339072064
2024,0.5696867217175833,0.19550314862964221
2025,0.4727597885122181,0.15517249454849966
