Season,Model,label,log_loss,brier_score,ece
2018,with_seed,with_seed,0.6307203348593977,0.21451027613786777,0.11576762847308246
2019,with_seed,with_seed,0.5178351062729195,0.17979228774080797,0.1287251131177203
2021,with_seed,with_seed,0.6380696415806211,0.22712964460814394,0.17234608067302565
2022,with_seed,with_seed,0.698939461647991,0.2386966488921715,0.18351693027991878
2023,with_seed,with_seed,0.6004177004957489,0.20297568323616144,0.10455616406946303
2024,with_seed,with_seed,0.5665231233597771,0.19421892217453238,0.07474340853202198
2025,with_seed,with_seed,0.47051898689672134,0.15438510111298526,0.13705701242237966
Overall,with_seed,with_seed,0.5888986370747911,0.2016182567027153,0.07070690629554995
