model,label,log_loss,brier_score,ece
with_seed,with_seed,0.5888986370747911,0.2016182567027153,0.07070690629554995
without_seed,without_seed,0.6229867806095328,0.21818755946013607,0.12386244666973445
