{
  "conclusion": "Model is well-calibrated and not seed-biased",
  "large_gap_calibration_gap": 0.008672639739906951,
  "overall_upset_gap": -0.026688937048850003,
  "with_seed_log_loss": 0.5888986370747911,
  "without_seed_log_loss": 0.6229867806095328
}